<?xml version="1.0" encoding="utf-8"?>
<!DOCTYPE mapper PUBLIC "-//mybatis.org//DTD Mapper 3.0//EN" "http://mybatis.org/dtd/mybatis-3-mapper.dtd">

<!--      
	This file is automatically generated by autoCode(https://git.oschina.net/durcframework/autoCode)
-->
<mapper namespace="com.ding.dao.BackUserDao">
	<!-- 
    字段备注信息:
	username : 用户名
	password : 密码
	add_time : 添加时间
    -->
	<resultMap id="queryResultMap" type="com.ding.entity.BackUser">
		<result column="username" property="username" jdbcType="VARCHAR"/>
		<result column="password" property="password" jdbcType="VARCHAR"/>
		<result column="add_time" property="addTime" jdbcType="TIMESTAMP"/>
	</resultMap>
	<!-- 根据条件查询记录 -->
	<select id="find" parameterType="org.durcframework.core.expression.ExpressionQuery" resultMap="queryResultMap">SELECT t.username , t.password , t.add_time FROM back_user t
		<include refid="expressionBlock.where"/>  
		<choose>
			<when test="sortname == null">ORDER BY t.username desc</when>
			<otherwise>ORDER BY ${order}</otherwise>
		</choose>  
		<if test="!isQueryAll">LIMIT #{start,jdbcType=INTEGER},#{limit,jdbcType=INTEGER}</if> 
	</select>
	<!-- 根据条件查询记录数 -->
	<select id="findTotalCount" parameterType="org.durcframework.core.expression.ExpressionQuery" resultType="java.lang.Integer">SELECT count(*) FROM back_user t 
		<include refid="expressionBlock.where"/> 
	</select>
	<!-- 保存,保存全部字段 -->
	<insert id="save" parameterType="com.ding.entity.BackUser">INSERT INTO back_user ( `username` , `password` , `add_time` ) VALUES ( #{username,jdbcType=VARCHAR} , #{password,jdbcType=VARCHAR} , #{addTime,jdbcType=TIMESTAMP} )</insert>
	<!-- 保存,保存不为NULL的字段 -->
	<insert id="saveNotNull" parameterType="com.ding.entity.BackUser">INSERT INTO back_user 
		<trim prefix="(" suffix=")" suffixOverrides=","> 
			<if test="username != null">`username`,</if>  
			<if test="password != null">`password`,</if>  
			<if test="addTime != null">`add_time`,</if> 
		</trim>  
		<trim prefix="values (" suffix=")" suffixOverrides=","> 
			<if test="username != null">#{username,jdbcType=VARCHAR},</if>  
			<if test="password != null">#{password,jdbcType=VARCHAR},</if>  
			<if test="addTime != null">#{addTime,jdbcType=TIMESTAMP},</if> 
		</trim> 
	</insert>
	<!-- 更新,更新全部字段 -->
	<update id="update" parameterType="com.ding.entity.BackUser">UPDATE back_user 
		<set>password=#{password,jdbcType=VARCHAR}, add_time=#{addTime,jdbcType=TIMESTAMP},</set> WHERE username = #{username,jdbcType=VARCHAR}
	</update>
	<!-- 根据指定条件更新 -->
	<update id="updateByExpression">UPDATE back_user 
		<set>password=#{entity.password,jdbcType=VARCHAR}, add_time=#{entity.addTime,jdbcType=TIMESTAMP},</set>  
		<include refid="expressionBlock.updateWhere"/> 
	</update>
	<!-- 更新不为NULL的字段 -->
	<update id="updateNotNull" parameterType="app.entity.OrderInfo">UPDATE back_user 
		<set> 
			<if test="password != null">password=#{password,jdbcType=VARCHAR},</if>  
			<if test="addTime != null">add_time=#{addTime,jdbcType=TIMESTAMP},</if> 
		</set> WHERE username = #{username,jdbcType=VARCHAR}
	</update>
	<!-- 根据指定条件更新不为NULL的字段 -->
	<update id="updateNotNullByExpression">UPDATE back_user 
		<set> 
			<if test="entity.password != null">password=#{entity.password,jdbcType=VARCHAR},</if>  
			<if test="entity.addTime != null">add_time=#{entity.addTime,jdbcType=TIMESTAMP},</if> 
		</set>  
		<include refid="expressionBlock.updateWhere"/> 
	</update>
	<!-- 根据主键获取单条记录 -->
	<select id="get" resultMap="queryResultMap" parameterType="com.ding.entity.BackUser">SELECT t.username , t.password , t.add_time FROM back_user t WHERE username = #{username,jdbcType=VARCHAR}</select>
	<!-- 根据条件获取单条记录 -->
	<select id="getByExpression" resultMap="queryResultMap" parameterType="org.durcframework.core.expression.ExpressionQuery">SELECT t.username , t.password , t.add_time FROM back_user t
		<include refid="expressionBlock.where"/> 
	</select>
	<!-- 根据主键删除记录 -->
	<delete id="del" parameterType="com.ding.entity.BackUser">DELETE FROM back_user WHERE username = #{username,jdbcType=VARCHAR}</delete>
	<!-- 根据条件删除记录 -->
	<delete id="delByExpression" parameterType="org.durcframework.core.expression.ExpressionQuery">DELETE FROM back_user 
		<include refid="expressionBlock.where"/> 
	</delete>
</mapper>
